Etichette di riga;Provincia;Venditore;Clientela;mar-25;mar-24;Delta% mese;Delta valore mese;Progressivo 2025;Progressivo 2024;Delta % Progressivo;Delta valore Progressivo
ACMEI SUD SPA;BA;Davide Spina;B03;15.946,32;46.599,81;-192%;-30.653,49;67.671,84;70.380,66;-4%;-2.708,82
ACOM PACKAGING SRL;SA;Davide Spina;B02;1.263,20;;100%;1.263,20;4.461,49;1.280,62;71%;3.180,87
ADES SRL;MN;Sergio Rota;B02;14.030,10;4.853,80;65%;9.176,30;32.901,21;16.380,00;50%;16.521,21
AMA SPA;RE;Andrea Ventura;B02;;25.182,70;#DIV/0!;-25.182,70;24.911,82;43.293,07;-74%;-18.381,25
APRILE SPA;CE;Davide Spina;B03;;814,93;#DIV/0!;-814,93;1.703,70;2.487,77;-46%;-784,07
B.I.ME SRL;BA;Davide Spina;B03;;3.226,17;#DIV/0!;-3.226,17;9.224,49;5.560,19;40%;3.664,30
BARCELLA ELETTROFORNITURE SPA;BG;Sergio Rota;B03;12.199,90;13.361,37;-10%;-1.161,47;45.935,33;48.828,90;-6%;-2.893,57
BI ESSE SPA;TS;Marco Pilotto;B03;9.317,29;5.528,44;41%;3.788,85;34.348,41;14.740,38;57%;19.608,03
BI ESSE SPA DIV. SERVICE;CN;Fabrizio Cuzzi;B03;877.251,12;864.085,96;2%;13.165,16;3.400.432,89;2.694.338,00;21%;706.094,89
BIANCO SPA;CN;Fabrizio Cuzzi;B02;3.201,95;4.509,49;-41%;-1.307,54;13.505,56;7.138,57;47%;6.366,99
BIESSE SPA;PU;Gianni Bagattoni;B02;;715,20;#DIV/0!;-715,20;514,44;2.145,28;-317%;-1.630,84
C.I.E.B. ELETTROFORNITURE SPA;BS;Sergio Rota;B03;1.454,57;3.630,14;-150%;-2.175,57;9.569,01;16.097,31;-68%;-6.528,30
CABLOFIL DI TEOPOMPI & BALASINI SNC;MN;Sergio Rota;B02;77.419,29;20.431,04;74%;56.988,25;113.941,20;113.934,94;0%;6,26
CEFLA SC;BO;Andrea Ventura;B02;;2.420,25;#DIV/0!;-2.420,25;;11.660,93;#DIV/0!;-11.660,93
CIGNOLI ELETTROFORNITURE SRL;PV;Riccardo Ascrizzi;B03;13.404,89;20.678,12;-54%;-7.273,23;39.361,88;70.134,87;-78%;-30.772,99
COMANDULLI COSTRUZIONI MECCANICHE;CR;Sergio Rota;B02;;4.387,05;#DIV/0!;-4.387,05;;17.515,58;#DIV/0!;-17.515,58
COMET SPA;BO;Andrea Ventura;B03;;30.341,20;#DIV/0!;-30.341,20;31.387,43;90.967,09;-190%;-59.579,66
COMET SPA MAGAZZINO B;BO;Andrea Ventura;B03;66.386,16;77.440,82;-17%;-11.054,66;258.819,67;207.794,87;20%;51.024,80
COMOLI FERRARI & C. SPA;IM;Fabrizio Cuzzi;B03;169.726,48;74.817,90;56%;94.908,58;559.479,38;565.632,85;-1%;-6.153,47
CONCETTI SPA;PG;Andrea Ventura;B02;7.701,31;1.865,33;76%;5.835,98;26.931,34;4.680,21;83%;22.251,13
CORA SRL;TN;Marco Pilotto;B02;70.444,36;51.388,87;27%;19.055,49;174.298,77;174.962,68;0%;-663,91
COSTA LEVIGATRICI SPA;VI;Marco Pilotto;B02;;1.281,09;#DIV/0!;-1.281,09;4.652,46;12.359,76;-166%;-7.707,30
DI.C.S.EL. SRL;MI;Riccardo Ascrizzi;B03;68.271,46;41.844,75;39%;26.426,71;170.382,80;176.469,79;-4%;-6.086,99
EDIF SPA - CORROPOLI;TE;Davide Spina;B03;37.729,41;10.906,90;71%;26.822,51;164.606,11;41.094,51;75%;123.511,60
ELECTRA COMMERCIALE SPA;SI;Andrea Ventura;B03;5.390,18;5.587,49;-4%;-197,31;19.020,34;14.667,31;23%;4.353,03
ELECTRA SPA;SA;Davide Spina;B03;10.057,65;14.704,14;-46%;-4.646,49;33.243,42;23.827,09;28%;9.416,33
ELETTROCAMPANIA SPA;BN;Davide Spina;B03;14.302,79;7.370,22;48%;6.932,57;23.951,77;15.875,67;34%;8.076,10
ELETTROLAZIO SPA;RM;Davide Spina;B03;11.304,47;12.768,05;-13%;-1.463,58;20.195,72;53.848,62;-167%;-33.652,90
ELETTRONICA SCALVINA SRL;BG;Sergio Rota;B02;;2.317,70;#DIV/0!;-2.317,70;6.330,40;16.789,10;-165%;-10.458,70
ELETTROVENETA SPA;VI;Marco Pilotto;B03;;5.042,64;#DIV/0!;-5.042,64;1.544,00;29.647,57;-1820%;-28.103,57
ELETTROVENETA SPA PADOVA 2 - CEDI;PD;Marco Pilotto;B03;9.710,92;626,00;94%;9.084,92;29.527,53;626,00;98%;28.901,53
ELFI SPA FILIALE DI CELLA REGGIO;RE;Andrea Ventura;B03;47.234,48;99.295,46;-110%;-52.060,98;88.913,61;221.053,40;-149%;-132.139,79
ELTEK SRL;PN;Marco Pilotto;B02;57.989,40;;100%;57.989,40;72.036,10;4.634,84;94%;67.401,26
EMA CEREDA SRL;MB;Riccardo Ascrizzi;B03;1.872,85;7.680,63;-310%;-5.807,78;4.444,73;13.594,86;-206%;-9.150,13
EPISTOLIO SRL;VA;Riccardo Ascrizzi;B02;;1.365,11;#DIV/0!;-1.365,11;17.700,65;3.182,83;82%;14.517,82
ESMACH DIVISIONE ALI GROUP SRL;VI;Marco Pilotto;B02;4.637,72;800,34;83%;3.837,38;12.492,83;5.605,39;55%;6.887,44
FABBI IMOLA SRL;BO;Andrea Ventura;B03;27.188,94;19.631,93;28%;7.557,01;71.663,02;73.366,11;-2%;-1.703,09
FEVAL SRL;SO;Riccardo Ascrizzi;B03;677,81;4.185,92;-518%;-3.508,11;1.230,55;6.660,22;-441%;-5.429,67
FOGLIANI SPA;VA;Riccardo Ascrizzi;B03;145.263,84;332.777,50;-129%;-187.513,66;387.179,35;823.393,45;-113%;-436.214,10
FOREL SPA;TV;Marco Pilotto;B02;3.681,50;2.253,44;39%;1.428,06;9.415,90;7.666,17;19%;1.749,73
FOSBER SPA;LU;Andrea Ventura;B02;;9.104,38;#DIV/0!;-9.104,38;;19.089,11;#DIV/0!;-19.089,11
G. MONDINI SPA;BS;Sergio Rota;B02;1.179,30;2.616,60;-122%;-1.437,30;16.238,78;10.709,30;34%;5.529,48
G.D. SPA;BO;Andrea Ventura;B02;19.516,61;2.023,95;90%;17.492,66;21.755,73;15.584,84;28%;6.170,89
GAI MACCHINE IMBOTTIGLIATRICI SPA;CN;Fabrizio Cuzzi;B02;21.288,69;737,28;97%;20.551,41;55.485,56;29.028,06;48%;26.457,50
GALLI EZIO SPA;CO;Riccardo Ascrizzi;B03;2.076,50;8.430,84;-306%;-6.354,34;18.060,36;31.623,47;-75%;-13.563,11
GAROFOLI SPA;BA;Davide Spina;B03;581,52;577,50;1%;4,02;6.648,90;4.927,49;26%;1.721,41
GIORDANO & C. SPA;CN;Fabrizio Cuzzi;B01;;2.502,08;#DIV/0!;-2.502,08;2.138,17;4.252,66;-99%;-2.114,49
GRUPPO GIOVANNINI SRL;TN;Marco Pilotto;B03;60.286,81;67.865,16;-13%;-7.578,35;123.829,09;157.791,46;-27%;-33.962,37
IDG 01 SPA;TO;Fabrizio Cuzzi;B03;83.366,23;109.006,79;-31%;-25.640,56;403.630,77;391.667,41;3%;11.963,36
IMA SPA - HEADQUARTER;BO;Andrea Ventura;B02;13.628,65;1.801,42;87%;11.827,23;16.133,25;14.317,75;11%;1.815,50
IMAT-FELCO SPA;CO;Riccardo Ascrizzi;B03;812,33;556,59;31%;255,74;3.350,20;3.463,69;-3%;-113,49
MANITOWOC CRANE GROUP ITALY SRL;CN;Fabrizio Cuzzi;B02;10.529,56;7.047,26;33%;3.482,30;11.290,32;7.047,26;38%;4.243,06
MARCHIOL SPA;TV;Marco Pilotto;B03;186.962,23;219.657,94;-17%;-32.695,71;498.415,49;646.244,12;-30%;-147.828,63
MARINI PANDOLFI SPA;FI;Andrea Ventura;B03;130.453,25;81.115,28;38%;49.337,97;306.422,67;157.154,22;49%;149.268,45
MARIO FRIGERIO SPA;LC;Riccardo Ascrizzi;B02;3.206,48;6.798,53;-112%;-3.592,05;38.336,89;51.907,73;-35%;-13.570,84
MCT ITALY SRL;PG;Andrea Ventura;B02;;13.961,84;#DIV/0!;-13.961,84;;42.006,70;#DIV/0!;-42.006,70
MEB SRL;VI;Marco Pilotto;B03;77.018,32;23.355,57;70%;53.662,75;166.005,20;75.292,49;55%;90.712,71
MECAL SRL;AL;Fabrizio Cuzzi;B02;3.790,51;6.001,46;-58%;-2.210,95;30.941,49;16.179,86;48%;14.761,63
MEF SRL CE.DI;FI;Andrea Ventura;B03;21.226,31;29.220,65;-38%;-7.994,34;124.103,93;103.286,55;17%;20.817,38
MEGAWATT SPA;NA;Davide Spina;B03;4.966,45;18.522,56;-273%;-13.556,11;29.088,19;51.008,16;-75%;-21.919,97
NOVATEK SRL UNIPERSONALE;VI;Marco Pilotto;B02;758,95;;100%;758,95;2.076,70;1.878,39;10%;198,31
OMET SRL;LC;Riccardo Ascrizzi;B02;;124,60;#DIV/0!;-124,60;2.709,12;1.465,02;46%;1.244,10
OMIS ELECTRIC SRL;VI;Marco Pilotto;B02;240,28;5.911,71;-2360%;-5.671,43;5.173,88;7.273,02;-41%;-2.099,14
OMIS SPA;VI;Marco Pilotto;B02;2.160,00;3.675,33;-70%;-1.515,33;6.739,95;27.760,73;-312%;-21.020,78
ORLANDO SRL;GE;Fabrizio Cuzzi;B02;51.784,38;408.928,40;-690%;-357.144,02;885.829,86;883.639,27;0%;2.190,59
ORTOLOMO ELETTRICITA' GENERALE SRL;NA;Davide Spina;B03;3.837,85;9.996,01;-160%;-6.158,16;8.675,59;20.123,34;-132%;-11.447,75
RELECTRON SRL;TO;Fabrizio Cuzzi;B02;42.463,95;22.588,25;47%;19.875,70;56.653,33;28.887,03;49%;27.766,30
REMATARLAZZI SPA;MC;Gianni Bagattoni;B03;62.099,66;72.852,54;-17%;-10.752,88;177.188,49;183.263,87;-3%;-6.075,38
REXEL ITALIA SPA LOG. LOMBARDIA;BS;Sergio Rota;B03;210.392,33;220.598,29;-5%;-10.205,96;618.963,98;892.549,70;-44%;-273.585,72
RIMA FLUID SPA;TA;Davide Spina;B03;;380,48;#DIV/0!;-380,48;6.195,60;1.542,36;75%;4.653,24
RIMEP SPA;PG;Andrea Ventura;B03;7.450,68;4.962,82;33%;2.487,86;24.231,68;10.937,26;55%;13.294,42
ROBOR SRL;TV;Marco Pilotto;B02;41,25;;100%;41,25;25.225,65;31.659,28;-26%;-6.433,63
RS COMPONENTS SRL;MI;Riccardo Ascrizzi;B03;7.119,78;1.755,22;75%;5.364,56;20.884,87;10.990,74;47%;9.894,13
SACCHI GIUSEPPE SPA;MB;Riccardo Ascrizzi;B03;200.852,96;172.198,47;14%;28.654,49;582.931,50;781.110,57;-34%;-198.179,07
SACEL SRL;MT;Davide Spina;B02;1.162,88;7.748,74;-566%;-6.585,86;8.151,71;19.488,44;-139%;-11.336,73
SALVAGNINI INDUSTRIALE SPA;AV;Davide Spina;B02;8.320,13;2.441,60;71%;5.878,53;24.510,01;13.974,84;43%;10.535,17
SALVAGNINI ITALIA SPA;VI;Marco Pilotto;B02;1.842,60;1.568,98;15%;273,62;3.783,62;6.929,99;-83%;-3.146,37
SCM GROUP SPA;RN;Gianni Bagattoni;B02;;2.469,32;#DIV/0!;-2.469,32;;17.604,08;#DIV/0!;-17.604,08
SELECTRA SPA - TRENTO;TN;Marco Pilotto;B03;1.614,86;47.253,32;-2826%;-45.638,46;5.548,89;56.680,70;-921%;-51.131,81
SIMEVIGNUDA SPA;UD;Marco Pilotto;B03;142.444,98;58.456,23;59%;83.988,75;272.922,22;237.195,49;13%;35.726,73
SONEPAR ITALIA - CE.DI. MODUGNO;BA;Davide Spina;B03;5.430,35;3.863,04;29%;1.567,31;13.890,20;14.356,00;-3%;-465,80
SONEPAR ITALIA SPA;RG;Davide Spina;B03;169.344,76;366.789,34;-117%;-197.444,58;495.139,41;887.170,07;-79%;-392.030,66
SPAMI SRL UNIPERSONALE;PD;Marco Pilotto;B02;;428,97;#DIV/0!;-428,97;1.723,65;3.744,40;-117%;-2.020,75
TELEINDUSTRIALE SRL;VR;Marco Pilotto;B03;6.737,42;4.159,62;38%;2.577,80;18.954,27;10.364,30;45%;8.589,97
V.I.M.E. SRL;VE;Marco Pilotto;B03;1.561,18;910,31;42%;650,87;2.089,66;910,31;56%;1.179,35
WELLER ITALIA SRL;CT;Davide Spina;B03;;5.250,57;#DIV/0!;-5.250,57;4.182,79;18.667,93;-346%;-14.485,14
ZM AUTOMAZIONE SRL;BS;Sergio Rota;B02;527,92;702,54;-33%;-174,62;1.577,87;2.902,30;-84%;-1.324,43
B.C.R. SRL;MO;Andrea Ventura;B03;1.408,01;1.019,49;28%;388,52;5.907,51;4.546,98;23%;1.360,53
C.E.I.T. SRL;CH;Davide Spina;B03;;1.536,41;#DIV/0!;-1.536,41;1.495,83;4.425,67;-196%;-2.929,84
CA.M.E.G. SPA;NA;Davide Spina;B03;;1.993,04;#DIV/0!;-1.993,04;2.065,66;2.251,20;-9%;-185,54
STRANO SPA;CT;Davide Spina;B03;1.938,71;2.073,31;-7%;-134,60;22.480,39;17.214,60;23%;5.265,79
NIFRA ELETTRO INGROSS SPA;CT;Davide Spina;B03;3.575,97;808,70;77%;2.767,27;4.396,89;3.380,98;23%;1.015,91
ELETTROMECCANICA VAL DI SANGRO SRL;CH;Davide Spina;B01;4.329,78;;100%;4.329,78;12.279,42;;100%;12.279,42
DEGAMA SRL;AL;Fabrizio Cuzzi;B02;2.851,00;1.576,95;45%;1.274,05;5.390,55;4.265,53;21%;1.125,02
ELETTROSISTEMI SRL;PI;Andrea Ventura;B02;4.483,81;8.098,59;-81%;-3.614,78;12.841,11;20.122,03;-57%;-7.280,92
CARRIERI I.T.C. SRL;BA;Davide Spina;B02;;;#DIV/0!;0,00;12.820,00;;100%;12.820,00
ELFI SPA;FC;Gianni Bagattoni;B03;2.963,22;;100%;2.963,22;5.382,82;14.822,64;-175%;-9.439,82
OMIS SERVICE SRL;VI;Marco Pilotto;B02;;;#DIV/0!;0,00;1.223,20;1.430,82;-17%;-207,62
SACCHI GIUSEPPE SPA - MADONNA D.;CN;Fabrizio Cuzzi;B03;;59.022,91;#DIV/0!;-59.022,91;769,24;80.364,04;-10347%;-79.594,80
OFFICINE MECCANICHE GALLETTI SRL;PG;Andrea Ventura;B02;12.803,77;5.734,50;55%;7.069,27;15.397,35;5.734,50;63%;9.662,85
IMES SRL;CN;Fabrizio Cuzzi;B03;559,81;2.049,99;-266%;-1.490,18;2.335,69;7.213,00;-209%;-4.877,31
MINIPACK - TORRE SPA;BG;Sergio Rota;B02;1.574,80;687,55;56%;887,25;3.809,48;3.423,90;10%;385,58
MAFFIOLETTI S.R.L.;BG;Sergio Rota;B02;8.785,78;1.281,69;85%;7.504,09;13.909,48;4.333,27;69%;9.576,21
OLEODINAMICA PALMERINI SRL;PG;Andrea Ventura;B02;;;#DIV/0!;0,00;;87.773,00;#DIV/0!;-87.773,00
ELEBI SISTEMI SRL SOCIETA';PD;Marco Pilotto;B02;;;#DIV/0!;0,00;16.747,60;30.145,70;-80%;-13.398,10
M.E.P. SPA MACCHINE ELETTRONIC.;UD;Marco Pilotto;B02;5.230,79;1.862,33;64%;3.368,46;5.230,79;9.203,61;-76%;-3.972,82
COMEC GROUP SRL;UD;Marco Pilotto;B02;;;#DIV/0!;0,00;;6.456,28;#DIV/0!;-6.456,28
ATLANTIC POWER CONTROL SRLS;PD;Marco Pilotto;B02;;;#DIV/0!;0,00;;32.063,02;#DIV/0!;-32.063,02
UNIVERSAL PACK SRL;RN;Gianni Bagattoni;B02;;198,80;#DIV/0!;-198,80;4.986,30;5.536,90;-11%;-550,60
EDIF SPA;MC;Gianni Bagattoni;B03;;;#DIV/0!;0,00;1.712,00;2.383,64;-39%;-671,64
MAURIELLO SRL;SA;Davide Spina;B02;;1.253,53;#DIV/0!;-1.253,53;;8.692,52;#DIV/0!;-8.692,52
OMET MACHINERY SRL;LC;Riccardo Ascrizzi;B02;1.322,30;173,56;87%;1.148,74;1.922,28;486,17;75%;1.436,11
PANEL HT SRL;MO;Andrea Ventura;B02;;;#DIV/0!;0,00;;9.030,31;#DIV/0!;-9.030,31
SACCHI GIUSEPPE SPA - BERGAMO;BG;Sergio Rota;B03;;4.264,20;#DIV/0!;-4.264,20;;10.819,11;#DIV/0!;-10.819,11
IDG 01 SPA - TORINO;TO;Fabrizio Cuzzi;B03;;;#DIV/0!;0,00;;15.974,19;#DIV/0!;-15.974,19
LIFTECH SRL;MI;Riccardo Ascrizzi;B02;;;#DIV/0!;0,00;;6.239,31;#DIV/0!;-6.239,31
BYSTRONIC AUTOMATION TECHNOLOGY SPA;MI;Riccardo Ascrizzi;B02;236,34;;100%;236,34;236,34;5.631,81;-2283%;-5.395,47
ELETTRICA 77 AUTOMATION SRL;RE;Andrea Ventura;B02;;9.602,80;#DIV/0!;-9.602,80;;15.069,30;#DIV/0!;-15.069,30
MEGA SRL;CH;Davide Spina;B03;;1.235,62;#DIV/0!;-1.235,62;;15.120,66;#DIV/0!;-15.120,66
RICCIARELLI SPA;PT;Andrea Ventura;B02;;;#DIV/0!;0,00;;6.771,17;#DIV/0!;-6.771,17
SACCHI GIUSEPPE SPA - ROVATO;BS;Sergio Rota;B03;;1.601,79;#DIV/0!;-1.601,79;;6.577,06;#DIV/0!;-6.577,06
EM.CI. DI FINOCCHIARO C.;CT;Davide Spina;B03;;19.937,04;#DIV/0!;-19.937,04;;33.511,80;#DIV/0!;-33.511,80
EMMEGI SPA;MO;Andrea Ventura;B02;;2.214,75;#DIV/0!;-2.214,75;;7.531,60;#DIV/0!;-7.531,60
LPM SPA;PD;Marco Pilotto;B02;;;#DIV/0!;0,00;;3.831,69;#DIV/0!;-3.831,69
FLUIDMEC SPA;BS;Sergio Rota;B02;;4.460,28;#DIV/0!;-4.460,28;;8.045,91;#DIV/0!;-8.045,91
ELPERM SNC DI CATTORINI EMILIA & C;MI;Riccardo Ascrizzi;B02;;;#DIV/0!;0,00;;5.378,35;#DIV/0!;-5.378,35
REMATARLAZZI SPA - POMEZIA;RM;Davide Spina;B03;;;#DIV/0!;0,00;;3.499,72;#DIV/0!;-3.499,72
EURO BETA SPA;AT;Fabrizio Cuzzi;B02;;190,33;#DIV/0!;-190,33;;3.641,44;#DIV/0!;-3.641,44
CASSIOLI SRL;SI;Andrea Ventura;B02;;5.195,40;#DIV/0!;-5.195,40;;10.321,56;#DIV/0!;-10.321,56
PROMETEC SRL;MS;Andrea Ventura;B02;;3.138,40;#DIV/0!;-3.138,40;;8.634,19;#DIV/0!;-8.634,19
PELLEGRINI MECCANICA SPA;VR;Marco Pilotto;B02;;1.219,43;#DIV/0!;-1.219,43;;4.516,69;#DIV/0!;-4.516,69
CABLOTECH SRL;BG;Sergio Rota;B02;;5.317,48;#DIV/0!;-5.317,48;1.025,80;12.154,12;-1085%;-11.128,32
EURIMPIANTI SRL;BR;Davide Spina;B02;;;#DIV/0!;0,00;;4.087,86;#DIV/0!;-4.087,86
SCM GROUP SPA - UNITA' STEFANI;VI;Marco Pilotto;B02;;1.966,47;#DIV/0!;-1.966,47;;5.764,31;#DIV/0!;-5.764,31
MARINI SPA;RA;Gianni Bagattoni;B02;;512,45;#DIV/0!;-512,45;;4.496,73;#DIV/0!;-4.496,73
MICROSTUDIO SRL;VA;Riccardo Ascrizzi;B02;;906,98;#DIV/0!;-906,98;;4.711,09;#DIV/0!;-4.711,09
SACCHI GIUSEPPE SPA - GIUSSANO;MB;Riccardo Ascrizzi;B03;;;#DIV/0!;0,00;;3.467,76;#DIV/0!;-3.467,76
LOWARA SRL UNIPERSONALE;VI;Marco Pilotto;B02;;;#DIV/0!;0,00;;2.800,20;#DIV/0!;-2.800,20
ICA SPA;BO;Andrea Ventura;B02;;1.940,08;#DIV/0!;-1.940,08;;5.411,56;#DIV/0!;-5.411,56
CAREDDU RAIMONDO SRL;CA;Davide Spina;B03;1.557,66;297,58;81%;1.260,08;1.557,66;4.802,51;-208%;-3.244,85
SPOTTI AUTOMAZIONI SNC;MB;Riccardo Ascrizzi;B02;;653,01;#DIV/0!;-653,01;;3.225,00;#DIV/0!;-3.225,00
SICIE SRL;MI;Riccardo Ascrizzi;B02;;;#DIV/0!;0,00;;2.568,98;#DIV/0!;-2.568,98
MAIN GROUP TECHNOLOGIES SRL;PV;Riccardo Ascrizzi;B02;4.987,41;;100%;4.987,41;5.986,41;4.568,29;24%;1.418,12
SO.GE.MI. SRL;PC;Sergio Rota;B02;;;#DIV/0!;0,00;;3.348,45;#DIV/0!;-3.348,45
ROBOQBO SRL;BO;Andrea Ventura;B02;;3.047,48;#DIV/0!;-3.047,48;;7.157,02;#DIV/0!;-7.157,02
CECCATO SPA;VI;Marco Pilotto;B02;;1.598,25;#DIV/0!;-1.598,25;;5.060,05;#DIV/0!;-5.060,05
EBARA PUMPS EUROPE SPA;VI;Marco Pilotto;B02;;;#DIV/0!;0,00;95,00;2.333,10;-2356%;-2.238,10
ESCHER MIXERS SRL;VI;Marco Pilotto;B02;;72,50;#DIV/0!;-72,50;;2.365,35;#DIV/0!;-2.365,35
CMC S.C. - COOPERATIVA MECCANICA;AR;Andrea Ventura;B02;;860,98;#DIV/0!;-860,98;;3.115,98;#DIV/0!;-3.115,98
SACCHI GIUSEPPE SPA - SETTIMO M.SE;MI;Riccardo Ascrizzi;B03;;5.372,33;#DIV/0!;-5.372,33;;37.830,74;#DIV/0!;-37.830,74
3S METALMECCANICA SNC DI SIMONE;BN;Davide Spina;B02;;;#DIV/0!;0,00;;2.153,00;#DIV/0!;-2.153,00
SANCASSIANO SPA;CN;Fabrizio Cuzzi;B02;;;#DIV/0!;0,00;;2.121,05;#DIV/0!;-2.121,05
AEA SRL;AN;Gianni Bagattoni;B02;;401,67;#DIV/0!;-401,67;;2.485,67;#DIV/0!;-2.485,67
SIDEL SPA;VR;Marco Pilotto;B02;1.469,05;104,20;93%;1.364,85;1.469,05;2.200,05;-50%;-731,00
TECNO ELETTRA SRL;VI;Marco Pilotto;B02;;1.518,81;#DIV/0!;-1.518,81;;4.434,30;#DIV/0!;-4.434,30
ALI GROUP SRL A SOCIO UNICO - DIV.;BL;Marco Pilotto;B02;;;#DIV/0!;0,00;;7.812,00;#DIV/0!;-7.812,00
ROBINO & GALANDRINO SPA;AT;Fabrizio Cuzzi;B02;;2.463,33;#DIV/0!;-2.463,33;;6.627,00;#DIV/0!;-6.627,00
ELTECO SRL;VI;Marco Pilotto;B02;;;#DIV/0!;0,00;;1.883,38;#DIV/0!;-1.883,38
ERREBI SRL;VI;Marco Pilotto;B02;;2.026,57;#DIV/0!;-2.026,57;;3.800,48;#DIV/0!;-3.800,48
TECNOGEN SPA UNICO SOCIO;PC;Sergio Rota;B02;5.448,00;;100%;5.448,00;5.448,00;12.732,04;-134%;-7.284,04
SIMEC SPA;TV;Marco Pilotto;B02;;710,08;#DIV/0!;-710,08;;3.390,43;#DIV/0!;-3.390,43
G.C.E. SRL;AT;Fabrizio Cuzzi;B02;;;#DIV/0!;0,00;;2.708,77;#DIV/0!;-2.708,77
ELETTROMECCANICA TIEFFE SNC;PI;Andrea Ventura;B02;;341,73;#DIV/0!;-341,73;;2.939,28;#DIV/0!;-2.939,28
ITALPRESSE SPA;BG;Sergio Rota;B02;;;#DIV/0!;0,00;;1.640,10;#DIV/0!;-1.640,10
GRUNDFOS POMPE ITALIA SRL;MI;Riccardo Ascrizzi;B02;;;#DIV/0!;0,00;;2.450,00;#DIV/0!;-2.450,00
ELETTRO G.SAS DI LISTA GIAMPIETRO &;VI;Marco Pilotto;B02;;;#DIV/0!;0,00;;1.592,53;#DIV/0!;-1.592,53
BAGLINI CONTROLLI SRL;PI;Andrea Ventura;B02;;;#DIV/0!;0,00;;3.567,08;#DIV/0!;-3.567,08
SIPAT AUTOMAZIONI SRL;PO;Andrea Ventura;B02;;1.329,22;#DIV/0!;-1.329,22;;4.013,88;#DIV/0!;-4.013,88
ENODIA SRL UNIPERSONALE;VI;Marco Pilotto;B02;;;#DIV/0!;0,00;;1.549,01;#DIV/0!;-1.549,01
SACMA LIMBIATE SPA;MB;Riccardo Ascrizzi;B02;;;#DIV/0!;0,00;;4.198,88;#DIV/0!;-4.198,88
SALVADE' SRL;CO;Riccardo Ascrizzi;B02;;;#DIV/0!;0,00;;1.527,96;#DIV/0!;-1.527,96
IDROCENTRO SPA;CN;Fabrizio Cuzzi;B03;;1.503,60;#DIV/0!;-1.503,60;;3.524,16;#DIV/0!;-3.524,16
IMET SPA;BG;Sergio Rota;B02;;;#DIV/0!;0,00;;1.481,03;#DIV/0!;-1.481,03
CABLOTEC AUTOMAZIONI SRL;CN;Fabrizio Cuzzi;B02;;602,40;#DIV/0!;-602,40;;3.666,80;#DIV/0!;-3.666,80
OMAG SPA;PU;Gianni Bagattoni;B02;;;#DIV/0!;0,00;;1.456,00;#DIV/0!;-1.456,00
ACMEI SUD SPA - MODUGNO 1;BA;Davide Spina;B03;;1.367,24;#DIV/0!;-1.367,24;;7.040,04;#DIV/0!;-7.040,04
PARA SRL;FI;Andrea Ventura;B02;;;#DIV/0!;0,00;;1.391,45;#DIV/0!;-1.391,45
DI SILVESTRO SRL;TE;Davide Spina;B03;;1.105,68;#DIV/0!;-1.105,68;;2.985,16;#DIV/0!;-2.985,16
MECI SRL;GE;Fabrizio Cuzzi;B03;;;#DIV/0!;0,00;;1.356,53;#DIV/0!;-1.356,53
C.Z. ELETTRONICA SRL;VI;Marco Pilotto;B02;;530,46;#DIV/0!;-530,46;;1.868,57;#DIV/0!;-1.868,57
TRAMARIN SRL;VR;Marco Pilotto;B02;;771,37;#DIV/0!;-771,37;;2.097,98;#DIV/0!;-2.097,98
TECNOCHOC SRL;AT;Fabrizio Cuzzi;B02;;318,06;#DIV/0!;-318,06;;1.640,18;#DIV/0!;-1.640,18
ESSEGI ARREDO HOTEL SRL MONDO;CT;Davide Spina;B02;;;#DIV/0!;0,00;;1.295,83;#DIV/0!;-1.295,83
BERTUETTI SPA;BS;Sergio Rota;B02;;5.718,07;#DIV/0!;-5.718,07;;7.997,91;#DIV/0!;-7.997,91
CIME SRL CRESCENZI INDUCTION;TO;Fabrizio Cuzzi;B02;;;#DIV/0!;0,00;;1.378,70;#DIV/0!;-1.378,70
TOSONI FLUIDODINAMICA SRL;BS;Sergio Rota;B02;;532,77;#DIV/0!;-532,77;;2.325,40;#DIV/0!;-2.325,40
OLTEK SRL;NO;Riccardo Ascrizzi;B02;;;#DIV/0!;0,00;;1.280,46;#DIV/0!;-1.280,46
SONEPAR ITALIA SPA -;VI;Marco Pilotto;B03;;;#DIV/0!;0,00;;5.859,33;#DIV/0!;-5.859,33
CARAMELLO EZIO & C. SRL;CN;Fabrizio Cuzzi;B02;;;#DIV/0!;0,00;;1.367,52;#DIV/0!;-1.367,52
SERTECH ELETTRONICA SRL;VI;Marco Pilotto;B02;;640,16;#DIV/0!;-640,16;;2.168,94;#DIV/0!;-2.168,94
BTB TRANSFER SPA SOCIETA' UNIPERSON;BS;Sergio Rota;B02;;1.495,21;#DIV/0!;-1.495,21;;3.440,91;#DIV/0!;-3.440,91
SACCHI GIUSEPPE SPA - LECCO;LC;Riccardo Ascrizzi;B03;;933,32;#DIV/0!;-933,32;;2.778,94;#DIV/0!;-2.778,94
CARNOVALI SPA;BS;Sergio Rota;B02;;;#DIV/0!;0,00;;3.467,52;#DIV/0!;-3.467,52
ELETTROMECCANICA ELIN SAS DI DI;TO;Fabrizio Cuzzi;B01;;765,02;#DIV/0!;-765,02;;2.893,22;#DIV/0!;-2.893,22
RIVACOLD SRL;PU;Gianni Bagattoni;B02;;938,10;#DIV/0!;-938,10;;3.252,08;#DIV/0!;-3.252,08
P.E. LABELLERS SPA;MN;Sergio Rota;B02;2.881,50;981,76;66%;1.899,74;2.881,50;2.338,85;19%;542,65
RICCI ELETTROMECCANICA DI RICCI;PG;Andrea Ventura;B01;;864,49;#DIV/0!;-864,49;;2.002,83;#DIV/0!;-2.002,83
DALDOSS ELEVETRONIC SPA;TN;Marco Pilotto;B02;;845,24;#DIV/0!;-845,24;;2.045,84;#DIV/0!;-2.045,84
ELECTRAIMPIANTI SRL;VI;Marco Pilotto;B02;;4.039,50;#DIV/0!;-4.039,50;;5.503,42;#DIV/0!;-5.503,42
FABEN SRL;VR;Marco Pilotto;B02;;;#DIV/0!;0,00;;1.051,20;#DIV/0!;-1.051,20
XYLEM EUROPE GMBH C/O RAP.FISC.;VI;Marco Pilotto;B02;530,00;;100%;530,00;530,00;5.391,50;-917%;-4.861,50
O.M.A. SRL;MB;Riccardo Ascrizzi;B02;;749,11;#DIV/0!;-749,11;;1.792,46;#DIV/0!;-1.792,46
UNITEC SPA;RA;Gianni Bagattoni;B02;;47,04;#DIV/0!;-47,04;;1.181,12;#DIV/0!;-1.181,12
FORVET SPA;TO;Fabrizio Cuzzi;B02;;3.477,30;#DIV/0!;-3.477,30;;4.482,57;#DIV/0!;-4.482,57
FACCI SRL;VI;Marco Pilotto;B02;;631,31;#DIV/0!;-631,31;;2.940,51;#DIV/0!;-2.940,51
BOTTERO SPA;TO;Fabrizio Cuzzi;B02;;2.342,47;#DIV/0!;-2.342,47;;6.199,95;#DIV/0!;-6.199,95
ANSELMI SRL;MI;Riccardo Ascrizzi;B02;;;#DIV/0!;0,00;;2.927,08;#DIV/0!;-2.927,08
UNITECH INDUSTRIES SRL;PO;Andrea Ventura;B02;;570,33;#DIV/0!;-570,33;;3.970,56;#DIV/0!;-3.970,56
OMBI SRL;TO;Fabrizio Cuzzi;B02;;1.460,46;#DIV/0!;-1.460,46;;2.570,79;#DIV/0!;-2.570,79
C.E.L.D.I. DI DEL DOTTORE IRIO;AR;Andrea Ventura;B02;;;#DIV/0!;0,00;;1.116,91;#DIV/0!;-1.116,91
CARMET AUTOMAZIONI INDUSTRIALI SRL;TV;Marco Pilotto;B02;;1.172,53;#DIV/0!;-1.172,53;;3.232,84;#DIV/0!;-3.232,84
PIERALISI MAIP SPA;AN;Gianni Bagattoni;B02;;;#DIV/0!;0,00;;831,40;#DIV/0!;-831,40
SACCHI GIUSEPPE SPA - VIMERCATE;MB;Riccardo Ascrizzi;B03;;141,37;#DIV/0!;-141,37;;972,41;#DIV/0!;-972,41
EQUIP LAVAGGI INDUSTRIALI SRL;AT;Fabrizio Cuzzi;B02;;2.372,33;#DIV/0!;-2.372,33;;3.198,23;#DIV/0!;-3.198,23
LCP SRL;FM;Gianni Bagattoni;B02;;;#DIV/0!;0,00;;817,60;#DIV/0!;-817,60
TEKNE S.R.L.;CH;Davide Spina;B02;;2.721,31;#DIV/0!;-2.721,31;;3.537,70;#DIV/0!;-3.537,70
AIREX SPA;MO;Andrea Ventura;B02;;;#DIV/0!;0,00;;806,00;#DIV/0!;-806,00
MECCANICA NICOLETTI SRL;PD;Marco Pilotto;B02;;1.973,42;#DIV/0!;-1.973,42;;3.146,01;#DIV/0!;-3.146,01
TAGLIORETTI SRL;VA;Riccardo Ascrizzi;B02;;758,01;#DIV/0!;-758,01;;2.983,29;#DIV/0!;-2.983,29
ANGELO CREMONA SPA;MB;Riccardo Ascrizzi;B02;;717,27;#DIV/0!;-717,27;;1.729,89;#DIV/0!;-1.729,89
TEK.SP.ED. SRL;NA;Davide Spina;B02;;;#DIV/0!;0,00;;751,96;#DIV/0!;-751,96
CERIP SRL;PG;Andrea Ventura;B01;;;#DIV/0!;0,00;;743,39;#DIV/0!;-743,39
SACCHI GIUSEPPE SPA - IMPERIA;IM;Fabrizio Cuzzi;B03;;;#DIV/0!;0,00;;709,26;#DIV/0!;-709,26
BIG ON DRY SRL;TV;Marco Pilotto;B02;;;#DIV/0!;0,00;;705,21;#DIV/0!;-705,21
STORTI SPA;CR;Sergio Rota;B02;;2.829,70;#DIV/0!;-2.829,70;;3.534,65;#DIV/0!;-3.534,65
AUTOMATION SYSTEMS TECHNOLOGY SRL;VA;Riccardo Ascrizzi;B02;;141,09;#DIV/0!;-141,09;;833,26;#DIV/0!;-833,26
LTA SRL;TO;Fabrizio Cuzzi;B02;;;#DIV/0!;0,00;;4.521,39;#DIV/0!;-4.521,39
LEAS SPA;PD;Marco Pilotto;B02;814,26;531,20;35%;283,06;814,26;1.638,37;-101%;-824,11
ENPOWER SRL;BS;Sergio Rota;B01;;;#DIV/0!;0,00;;676,85;#DIV/0!;-676,85
BINACCHI & C. SRL;VA;Riccardo Ascrizzi;B02;;542,63;#DIV/0!;-542,63;;1.896,59;#DIV/0!;-1.896,59
ELCOTEC SRL;BS;Sergio Rota;B02;;659,46;#DIV/0!;-659,46;;1.668,72;#DIV/0!;-1.668,72
VELOMAT  SRL;PE;Davide Spina;B02;;189,68;#DIV/0!;-189,68;;843,91;#DIV/0!;-843,91
BRIGNONE PAOLO ELETTROCABLAGGI -;CN;Fabrizio Cuzzi;B02;;;#DIV/0!;0,00;;634,91;#DIV/0!;-634,91
MANIERI MASSIMO AUTOMAZIONI;AN;Gianni Bagattoni;B02;;696,76;#DIV/0!;-696,76;;1.885,15;#DIV/0!;-1.885,15
S.A.I.I.E. SRL;FC;Gianni Bagattoni;B02;;698,30;#DIV/0!;-698,30;;1.324,48;#DIV/0!;-1.324,48
ELETTROQUADRI SRL;SI;Andrea Ventura;B02;;1.251,97;#DIV/0!;-1.251,97;;1.876,00;#DIV/0!;-1.876,00
DAL-GO SRL;VI;Marco Pilotto;B02;;585,27;#DIV/0!;-585,27;;1.679,27;#DIV/0!;-1.679,27
TND ELETTRONICA SRL;CE;Davide Spina;B02;;76,64;#DIV/0!;-76,64;;681,70;#DIV/0!;-681,70
KABEL SRL;PO;Andrea Ventura;B02;;;#DIV/0!;0,00;;604,58;#DIV/0!;-604,58
SEEI SPA;LU;Andrea Ventura;B01;;228,01;#DIV/0!;-228,01;;3.399,52;#DIV/0!;-3.399,52
DIECI ELECTRIC SRL;CT;Davide Spina;B02;;;#DIV/0!;0,00;;592,62;#DIV/0!;-592,62
SYSTEM CERAMICS SPA;MO;Andrea Ventura;B02;;1.518,92;#DIV/0!;-1.518,92;;3.208,26;#DIV/0!;-3.208,26
ERRELLE SRL SOCIO UNICO;BO;Andrea Ventura;B02;;438,45;#DIV/0!;-438,45;;1.539,41;#DIV/0!;-1.539,41
CEVOLANI ITALIA SRL;BO;Andrea Ventura;B02;;3.452,74;#DIV/0!;-3.452,74;;4.100,92;#DIV/0!;-4.100,92
DALLA PIAZZA SRL;VR;Marco Pilotto;B02;;72,62;#DIV/0!;-72,62;;3.967,25;#DIV/0!;-3.967,25
TE TECNOELETTRONICA SRL;PU;Gianni Bagattoni;B02;;1.147,16;#DIV/0!;-1.147,16;;2.637,13;#DIV/0!;-2.637,13
ELETTRICA B. & C. SRL;TV;Marco Pilotto;B02;;2.701,57;#DIV/0!;-2.701,57;;4.012,91;#DIV/0!;-4.012,91
BLOWTHERM SPA;PD;Marco Pilotto;B02;;4.036,69;#DIV/0!;-4.036,69;;5.244,21;#DIV/0!;-5.244,21
ELETTROMECCANICA VENETA SRL;VR;Marco Pilotto;B01;;;#DIV/0!;0,00;;538,86;#DIV/0!;-538,86
ELETTROMECCANICA BATTOCCHIO SRL;VI;Marco Pilotto;B02;;2.153,05;#DIV/0!;-2.153,05;;3.648,23;#DIV/0!;-3.648,23
WINTECH SRL INJECTION MOULDING;VE;Marco Pilotto;B02;;784,08;#DIV/0!;-784,08;;1.745,23;#DIV/0!;-1.745,23
I.C.E.M. SRL;PN;Marco Pilotto;B02;;908,60;#DIV/0!;-908,60;;1.409,31;#DIV/0!;-1.409,31
LUCCHINI INDUSTRIES SRL;BG;Sergio Rota;B06;;91,40;#DIV/0!;-91,40;;590,28;#DIV/0!;-590,28
MONDIAL PACK SRL;VA;Riccardo Ascrizzi;B02;;;#DIV/0!;0,00;;495,41;#DIV/0!;-495,41
GDM SPA;CR;Sergio Rota;B02;;;#DIV/0!;0,00;;494,72;#DIV/0!;-494,72
SELLA SRL;TO;Fabrizio Cuzzi;B02;;85,95;#DIV/0!;-85,95;;780,16;#DIV/0!;-780,16
SACCHI GIUSEPPE SPA - MONDOVI';CN;Fabrizio Cuzzi;B03;;25,23;#DIV/0!;-25,23;;512,80;#DIV/0!;-512,80
BOBST ITALIA SPA;AL;Fabrizio Cuzzi;B02;;996,45;#DIV/0!;-996,45;;1.549,13;#DIV/0!;-1.549,13
EPSOL SRL;BO;Andrea Ventura;B02;;;#DIV/0!;0,00;;477,88;#DIV/0!;-477,88
OTS ASSEMBLY SRL;TO;Fabrizio Cuzzi;B02;;1.135,54;#DIV/0!;-1.135,54;;1.741,46;#DIV/0!;-1.741,46
ICOTET SRL;MO;Andrea Ventura;B02;;1.281,40;#DIV/0!;-1.281,40;;2.240,90;#DIV/0!;-2.240,90
BENELLI CABLAGGI SRL;CR;Sergio Rota;B02;;860,04;#DIV/0!;-860,04;;2.626,98;#DIV/0!;-2.626,98
L'ELETTRICA DI PAOLO E M. SRL;RM;Davide Spina;B03;;298,73;#DIV/0!;-298,73;;1.198,16;#DIV/0!;-1.198,16
LONGO EUROSERVICE SRL;BA;Davide Spina;B02;;220,93;#DIV/0!;-220,93;;663,67;#DIV/0!;-663,67
SCOTTA SPA;CN;Fabrizio Cuzzi;B01;;344,03;#DIV/0!;-344,03;;879,11;#DIV/0!;-879,11
COSTRUZIONI MECCANICHE SOTTORIVA;VI;Marco Pilotto;B02;;586,13;#DIV/0!;-586,13;;1.006,34;#DIV/0!;-1.006,34
SITI-B&T GROUP SPA;MO;Andrea Ventura;B02;;720,39;#DIV/0!;-720,39;;1.117,85;#DIV/0!;-1.117,85
FORM IMPIANTI SPA;SI;Andrea Ventura;B02;;;#DIV/0!;0,00;;1.443,94;#DIV/0!;-1.443,94
AUTOMATION SYSTEM SRL;VR;Marco Pilotto;B02;;480,59;#DIV/0!;-480,59;;1.364,71;#DIV/0!;-1.364,71
GE.MA.TA. SPA;VI;Marco Pilotto;B02;;462,67;#DIV/0!;-462,67;;1.318,15;#DIV/0!;-1.318,15
STHEMMA SRL;VI;Marco Pilotto;B02;;;#DIV/0!;0,00;;366,19;#DIV/0!;-366,19
TELEQUADRI SRL;BL;Marco Pilotto;B02;;;#DIV/0!;0,00;;363,92;#DIV/0!;-363,92
SACCHI GIUSEPPE SPA - BRESCIA;BS;Sergio Rota;B03;;1.401,02;#DIV/0!;-1.401,02;;2.585,23;#DIV/0!;-2.585,23
MANENTI MARIO;BG;Sergio Rota;B02;;;#DIV/0!;0,00;;342,70;#DIV/0!;-342,70
GALGI SRL;VI;Marco Pilotto;B01;;;#DIV/0!;0,00;;338,99;#DIV/0!;-338,99
MACA ENGINEERING SRL A SOCIO UNICO;PN;Marco Pilotto;B02;;184,34;#DIV/0!;-184,34;;521,17;#DIV/0!;-521,17
GRU COMEDIL SRL;PN;Marco Pilotto;B02;;530,55;#DIV/0!;-530,55;;1.174,46;#DIV/0!;-1.174,46
RBB AUTOMATION SRL;AR;Andrea Ventura;B02;;377,62;#DIV/0!;-377,62;;780,19;#DIV/0!;-780,19
E.I.L.ELETTROMECCANICA;LU;Andrea Ventura;B02;;601,88;#DIV/0!;-601,88;;1.804,72;#DIV/0!;-1.804,72
RGS AUTOMAZIONI SRL;TV;Marco Pilotto;B01;;;#DIV/0!;0,00;;316,55;#DIV/0!;-316,55
DEMAG CRANES & COMPONENTS SRL;MB;Riccardo Ascrizzi;B02;;321,33;#DIV/0!;-321,33;;988,27;#DIV/0!;-988,27
TECNOALPE SAS;CN;Fabrizio Cuzzi;B02;;;#DIV/0!;0,00;;421,56;#DIV/0!;-421,56
ANDREOLI SISTEMI SRL;PG;Andrea Ventura;B02;;132,12;#DIV/0!;-132,12;;1.429,57;#DIV/0!;-1.429,57
INDUSTRIALE ELETTRICA SRL;PR;Andrea Ventura;B03;;1.110,74;#DIV/0!;-1.110,74;;1.952,34;#DIV/0!;-1.952,34
DELLA TOFFOLA SPA;TV;Marco Pilotto;B02;;;#DIV/0!;0,00;;272,20;#DIV/0!;-272,20
DONATONI MACCHINE SRL;VR;Marco Pilotto;B02;;1.296,97;#DIV/0!;-1.296,97;;1.568,79;#DIV/0!;-1.568,79
SO.GE.MI. PER BOBST;PC;Sergio Rota;B02;;105,10;#DIV/0!;-105,10;;367,07;#DIV/0!;-367,07
SACCHI GIUSEPPE SPA - VIGEVANO;PV;Riccardo Ascrizzi;B03;;109,80;#DIV/0!;-109,80;;359,81;#DIV/0!;-359,81
FORES ENGINEERING SRL;FC;Gianni Bagattoni;B02;;;#DIV/0!;0,00;;249,36;#DIV/0!;-249,36
NEON TOMA ILLUMINAZIONE SRL -;LE;Davide Spina;B03;;;#DIV/0!;0,00;;1.150,90;#DIV/0!;-1.150,90
TMCI PADOVAN SPA;TV;Marco Pilotto;B02;;;#DIV/0!;0,00;;199,18;#DIV/0!;-199,18
AUTOMAC DI GODIO LUCIANO & C. SNC;VC;Fabrizio Cuzzi;B02;;;#DIV/0!;0,00;;395,78;#DIV/0!;-395,78
GRUPPO BERTOLASO SPA;VR;Marco Pilotto;B02;;;#DIV/0!;0,00;;184,00;#DIV/0!;-184,00
BEA ELETTROCOSTRUZIONI SRL-UNIPERSO;TO;Fabrizio Cuzzi;B02;;;#DIV/0!;0,00;;181,14;#DIV/0!;-181,14
GMM SPA - SCHIO;VI;Marco Pilotto;B02;;848,65;#DIV/0!;-848,65;;1.257,74;#DIV/0!;-1.257,74
ESA SRL;VI;Marco Pilotto;B02;;;#DIV/0!;0,00;;173,92;#DIV/0!;-173,92
EMMECITECNICA SRL;TO;Fabrizio Cuzzi;B02;1.098,89;390,54;64%;708,35;1.098,89;2.910,33;-165%;-1.811,44
I.E.M.A SRL;BO;Andrea Ventura;B02;;;#DIV/0!;0,00;;854,55;#DIV/0!;-854,55
ESSEBI ELECTRONICS SRL;NA;Davide Spina;B02;;335,14;#DIV/0!;-335,14;;502,70;#DIV/0!;-502,70
ROSSINI SPA;VA;Riccardo Ascrizzi;B02;;63,58;#DIV/0!;-63,58;;225,24;#DIV/0!;-225,24
BRIXIA AUTOMAZIONE SRL SOCIO UNICO;BS;Sergio Rota;B02;;;#DIV/0!;0,00;;664,24;#DIV/0!;-664,24
RAMONDETTI IMPIANTI SRL;CN;Fabrizio Cuzzi;B01;;;#DIV/0!;0,00;;155,46;#DIV/0!;-155,46
TECNO GLASS SRL;0;#N/D;B02;;;#DIV/0!;0,00;;832,80;#DIV/0!;-832,80
MPS ENGINEERING SRL;SA;Davide Spina;B02;;;#DIV/0!;0,00;;152,15;#DIV/0!;-152,15
KOSME SRL UNIPERSONALE;MN;Sergio Rota;B02;;;#DIV/0!;0,00;;275,16;#DIV/0!;-275,16
BEA ELETTROCOSTRUZIONI SRL;TO;Fabrizio Cuzzi;B02;;;#DIV/0!;0,00;;136,61;#DIV/0!;-136,61
M.B. SRL;VI;Marco Pilotto;B02;;1.333,60;#DIV/0!;-1.333,60;;6.583,45;#DIV/0!;-6.583,45
MIAL F.LLI MASSINI SRL;PG;Andrea Ventura;B02;;373,70;#DIV/0!;-373,70;;505,22;#DIV/0!;-505,22
HI-MEC DI CALI' SALVATORE SRL;FE;Andrea Ventura;B02;;;#DIV/0!;0,00;;129,32;#DIV/0!;-129,32
TECNOELI GROUP SRL;BG;Sergio Rota;B02;;564,57;#DIV/0!;-564,57;;1.296,15;#DIV/0!;-1.296,15
P.B.E. COMMERCIALE SRL;MO;Andrea Ventura;B02;;;#DIV/0!;0,00;;255,41;#DIV/0!;-255,41
ELETTROSUD SPA;ME;Davide Spina;B03;521,01;14,78;97%;506,23;521,01;139,10;73%;381,91
TECNO PACK SPA;VI;Marco Pilotto;B02;;;#DIV/0!;0,00;;130,99;#DIV/0!;-130,99
IPI SRL;PG;Andrea Ventura;B02;;;#DIV/0!;0,00;;122,18;#DIV/0!;-122,18
COM-CAVI SPA MULTIMEDIA;NA;Davide Spina;B03;;1.124,40;#DIV/0!;-1.124,40;;1.243,08;#DIV/0!;-1.243,08
CLIVATECH SRL;BG;Sergio Rota;B01;;748,39;#DIV/0!;-748,39;;1.283,89;#DIV/0!;-1.283,89
J.B. MACHINES SRL;PD;Marco Pilotto;B02;;;#DIV/0!;0,00;;111,40;#DIV/0!;-111,40
ERREDIBI SRL;FI;Andrea Ventura;B02;;90,37;#DIV/0!;-90,37;;259,42;#DIV/0!;-259,42
BERTOLOTTI RAIL SRL;FI;Andrea Ventura;B02;;;#DIV/0!;0,00;;973,23;#DIV/0!;-973,23
DEL BO SPA;0;#N/D;B02;;569,76;#DIV/0!;-569,76;;7.751,60;#DIV/0!;-7.751,60
FO.EL SRL;MS;Andrea Ventura;B03;;848,28;#DIV/0!;-848,28;;1.807,33;#DIV/0!;-1.807,33
G.B. AUTOMAZIONE SRL;PO;Andrea Ventura;B01;;;#DIV/0!;0,00;;792,95;#DIV/0!;-792,95
FLEXLINK SYSTEMS SPA;0;#N/D;B02;;29,08;#DIV/0!;-29,08;;583,31;#DIV/0!;-583,31
G.B. F.LLI BERTONCELLO SRL;VI;Marco Pilotto;B02;;;#DIV/0!;0,00;;98,21;#DIV/0!;-98,21
AEPI INDUSTRIE SRL;BO;Andrea Ventura;B02;;;#DIV/0!;0,00;;85,12;#DIV/0!;-85,12
GRUPPO ELT SRL;VI;Marco Pilotto;B01;;134,66;#DIV/0!;-134,66;;217,77;#DIV/0!;-217,77
TREVISAN MACCHINE UTENSILI SPA;VI;Marco Pilotto;B02;;833,85;#DIV/0!;-833,85;;1.049,85;#DIV/0!;-1.049,85
2T AUTOMAZIONI SRL;TV;Marco Pilotto;B02;;222,80;#DIV/0!;-222,80;;647,02;#DIV/0!;-647,02
SACCHI GIUSEPPE SPA - ROBBIATE;LC;Riccardo Ascrizzi;B03;;97,77;#DIV/0!;-97,77;;170,12;#DIV/0!;-170,12
TENTORI ENZO & C. SRL;LC;Riccardo Ascrizzi;B02;;289,52;#DIV/0!;-289,52;;358,92;#DIV/0!;-358,92
GAMMA ELECTRIC SNC;BG;Sergio Rota;B01;;;#DIV/0!;0,00;;61,02;#DIV/0!;-61,02
RAVER DI ENNIO TOTTONE SRL;PE;Davide Spina;B02;;;#DIV/0!;0,00;;60,00;#DIV/0!;-60,00
CARAGLIO SRL;CN;Fabrizio Cuzzi;B01;;72,76;#DIV/0!;-72,76;;1.439,82;#DIV/0!;-1.439,82
BITIMEC SRL;FI;Andrea Ventura;B02;;;#DIV/0!;0,00;;58,14;#DIV/0!;-58,14
ELETTRON SRL;0;#N/D;B02;;;#DIV/0!;0,00;;57,35;#DIV/0!;-57,35
ELETTROMECCANICA CATTANEO S.R.L.;VA;Riccardo Ascrizzi;B02;;76,13;#DIV/0!;-76,13;;130,48;#DIV/0!;-130,48
QUANTUMCORRUGATED SRL;MB;Riccardo Ascrizzi;B02;;532,81;#DIV/0!;-532,81;;585,39;#DIV/0!;-585,39
SACCHI GIUSEPPE SPA - PIANTEDO;SO;Riccardo Ascrizzi;B03;;1.206,04;#DIV/0!;-1.206,04;;1.546,23;#DIV/0!;-1.546,23
AETNA GROUP SPA;BO;Andrea Ventura;B02;;;#DIV/0!;0,00;;41,70;#DIV/0!;-41,70
VIGEL SPA;TO;Fabrizio Cuzzi;B02;;794,02;#DIV/0!;-794,02;;833,96;#DIV/0!;-833,96
BENELLI MACCHINE SRL;CR;Sergio Rota;B02;;108,90;#DIV/0!;-108,90;;143,60;#DIV/0!;-143,60
ELPO SRL IMPIANTI ELETTRICI;BZ;Marco Pilotto;B01;;110,24;#DIV/0!;-110,24;;138,34;#DIV/0!;-138,34
SACCHI GIUSEPPE SPA - ALESSANDRIA;AL;Fabrizio Cuzzi;B03;;27.177,37;#DIV/0!;-27.177,37;;27.297,23;#DIV/0!;-27.297,23
SACCHI GIUSEPPE SPA - BORGOSESIA;VC;Fabrizio Cuzzi;B03;;;#DIV/0!;0,00;;57,82;#DIV/0!;-57,82
OLIVERO SRL;CN;Fabrizio Cuzzi;B01;;957,45;#DIV/0!;-957,45;;2.648,41;#DIV/0!;-2.648,41
REXEL ITALIA SPA;FC;Gianni Bagattoni;B03;7.405,90;9.967,95;-35%;-2.562,05;52.274,40;11.513,90;78%;40.760,50
OMCN SPA;BG;Sergio Rota;B02;556,20;6.370,00;-1045%;-5.813,80;17.309,20;6.370,00;63%;10.939,20
MEF SRL;FI;Andrea Ventura;B03;;65,63;#DIV/0!;-65,63;11.403,19;65,63;99%;11.337,56
IMA SPA;BS;Sergio Rota;B02;;;#DIV/0!;0,00;3.024,48;189,55;94%;2.834,93
S.C.AUTOMAZIONE S.N.C. DI F.;SA;Davide Spina;B02;;519,45;#DIV/0!;-519,45;791,15;519,45;34%;271,70
BOBST ITALIA SPA   .;PC;Sergio Rota;B02;;;#DIV/0!;0,00;525,85;;100%;525,85
IMER INTERNATIONAL SPA - IMER;MN;Sergio Rota;B02;;;#DIV/0!;0,00;;21.396,00;#DIV/0!;-21.396,00
WELDING PRODUCTS & SISTEMS SRL;TO;Fabrizio Cuzzi;B02;;40.182,00;#DIV/0!;-40.182,00;;52.042,42;#DIV/0!;-52.042,42
FALLOPPI ELETTROMECCANICA SNC;VI;Marco Pilotto;B02;;2.210,92;#DIV/0!;-2.210,92;;8.107,27;#DIV/0!;-8.107,27
WALLRAM GRINDTEC SRL;BS;Sergio Rota;B02;;832,42;#DIV/0!;-832,42;;2.912,02;#DIV/0!;-2.912,02
SELECTRA SPA - MONTICHIARI;BS;Sergio Rota;B03;;;#DIV/0!;0,00;;2.057,76;#DIV/0!;-2.057,76
ARTISTICA SRL;BN;Davide Spina;B03;662,59;;100%;662,59;662,59;1.772,54;-168%;-1.109,95
SONEPAR ITALIA SPA - REGGIO EMILIA;RE;Andrea Ventura;B03;;;#DIV/0!;0,00;;1.686,34;#DIV/0!;-1.686,34
B.K.R. SNC DI MAURIZIO VIGNAROLI &;VA;Riccardo Ascrizzi;B02;;788,40;#DIV/0!;-788,40;;2.365,20;#DIV/0!;-2.365,20
MECATEX SRL;AR;Andrea Ventura;B02;;417,01;#DIV/0!;-417,01;;1.881,90;#DIV/0!;-1.881,90
KERAGLASS INDUSTRIES SRL;RE;Andrea Ventura;B02;;2.166,40;#DIV/0!;-2.166,40;;3.593,40;#DIV/0!;-3.593,40
4M REFAI SRL;0;#N/D;B02;;;#DIV/0!;0,00;;1.412,36;#DIV/0!;-1.412,36
CASTIGLIONI SRL;CO;Riccardo Ascrizzi;B02;;;#DIV/0!;0,00;;1.377,46;#DIV/0!;-1.377,46
ELECTROELSA SRL;SI;Andrea Ventura;B02;;668,97;#DIV/0!;-668,97;;1.854,18;#DIV/0!;-1.854,18
E.S.E.A. 2G SRL;BS;Sergio Rota;B01;;;#DIV/0!;0,00;;1.152,54;#DIV/0!;-1.152,54
MARZOLI MACHINES TEXTILE SRL;BS;Sergio Rota;B02;;103,61;#DIV/0!;-103,61;;1.226,82;#DIV/0!;-1.226,82
ABM SRL;RM;Davide Spina;B02;;;#DIV/0!;0,00;;1.085,73;#DIV/0!;-1.085,73
TERA AUTOMATION SRL;AR;Andrea Ventura;B02;;168,33;#DIV/0!;-168,33;;1.174,17;#DIV/0!;-1.174,17
COMOLI FERMO SRL;NO;Riccardo Ascrizzi;B02;;;#DIV/0!;0,00;;971,74;#DIV/0!;-971,74
VR SRL;CN;Fabrizio Cuzzi;B02;;16,74;#DIV/0!;-16,74;;945,60;#DIV/0!;-945,60
MEDEL - MEDITERRANEA ELETTRICA SRL;LE;Davide Spina;B03;;997,81;#DIV/0!;-997,81;;1.907,80;#DIV/0!;-1.907,80
CVF ENGINEERING SRL;FR;Davide Spina;B02;;189,61;#DIV/0!;-189,61;;1.073,57;#DIV/0!;-1.073,57
BOBST FIRENZE SRL;FI;Andrea Ventura;B02;;;#DIV/0!;0,00;;779,17;#DIV/0!;-779,17
SALVAGNINI ROBOTICA SRL;VE;Marco Pilotto;B02;;;#DIV/0!;0,00;;663,32;#DIV/0!;-663,32
IMPIANTI ELETTRICI CAZZIN MASSIMO;PD;Marco Pilotto;B01;;;#DIV/0!;0,00;;650,94;#DIV/0!;-650,94
AIGLE MACCHINE SRL;TO;Fabrizio Cuzzi;B02;;;#DIV/0!;0,00;;602,08;#DIV/0!;-602,08
TMZ SRL;PC;Sergio Rota;B02;;;#DIV/0!;0,00;;594,09;#DIV/0!;-594,09
ELETEC SRL;BS;Sergio Rota;B02;;;#DIV/0!;0,00;;559,90;#DIV/0!;-559,90
PENTAVAC SRL;BS;Sergio Rota;B02;;;#DIV/0!;0,00;;551,40;#DIV/0!;-551,40
ELLE EMME SRL;PD;Marco Pilotto;B02;;;#DIV/0!;0,00;;504,71;#DIV/0!;-504,71
SERVOSYSTEM SRL;TO;Fabrizio Cuzzi;B02;;;#DIV/0!;0,00;;500,17;#DIV/0!;-500,17
ELETEK SISTEMI SRL COSTRUZIONI;RC;Davide Spina;B01;;159,00;#DIV/0!;-159,00;;644,34;#DIV/0!;-644,34
CIET QUADRI SRL A SOCIO UNICO;TO;Fabrizio Cuzzi;B01;;;#DIV/0!;0,00;;481,49;#DIV/0!;-481,49
SINTESI AUTOMAZIONE SRL;VI;Marco Pilotto;B02;;961,14;#DIV/0!;-961,14;;1.441,70;#DIV/0!;-1.441,70
AUXEL SRL;VI;Marco Pilotto;B02;;180,24;#DIV/0!;-180,24;;630,85;#DIV/0!;-630,85
BUCCI AUTOMATIONS SPA - DIV.SINTECO;BL;Marco Pilotto;B02;;199,89;#DIV/0!;-199,89;;647,93;#DIV/0!;-647,93
DONATI SPA;MI;Riccardo Ascrizzi;B02;;;#DIV/0!;0,00;;431,00;#DIV/0!;-431,00
GN MED SRL;BO;Andrea Ventura;B02;;;#DIV/0!;0,00;;391,83;#DIV/0!;-391,83
SACCHI GIUSEPPE SPA - CREMONA;CR;Sergio Rota;B03;;480,47;#DIV/0!;-480,47;;869,17;#DIV/0!;-869,17
FD AUTOMAZIONI SRL;PD;Marco Pilotto;B02;;;#DIV/0!;0,00;;358,81;#DIV/0!;-358,81
MINO MASSIMO IMPIANTI SRL;BG;Sergio Rota;B01;;;#DIV/0!;0,00;;331,38;#DIV/0!;-331,38
DUPLOMATIC  MS SPA;MI;Riccardo Ascrizzi;B02;;;#DIV/0!;0,00;;328,62;#DIV/0!;-328,62
NUOVA OMPI SRL UNIPERSONALE;PD;Marco Pilotto;B02;;329,85;#DIV/0!;-329,85;;631,06;#DIV/0!;-631,06
ROSSI SRL;MO;Andrea Ventura;B02;;;#DIV/0!;0,00;;300,61;#DIV/0!;-300,61
TECH.PA SPA;VR;Marco Pilotto;B02;;;#DIV/0!;0,00;;272,12;#DIV/0!;-272,12
SACCHI GIUSEPPE SPA - MISINTO;MB;Riccardo Ascrizzi;B03;;182,44;#DIV/0!;-182,44;;412,40;#DIV/0!;-412,40
SACCHI GIUSEPPE SPA - MONZA;MB;Riccardo Ascrizzi;B03;;804,34;#DIV/0!;-804,34;;995,28;#DIV/0!;-995,28
SELECTRA SPA ELETTROFORNITURE;BZ;Marco Pilotto;B03;;;#DIV/0!;0,00;;173,83;#DIV/0!;-173,83
TIESSE DI TURCHETTO STEFANO;VI;Marco Pilotto;B02;;;#DIV/0!;0,00;;168,64;#DIV/0!;-168,64
SASIB SPA;BO;Andrea Ventura;B02;;;#DIV/0!;0,00;;159,43;#DIV/0!;-159,43
S.I.T.I.E. SNC DI RIOLFI & SALVAGNO;VR;Marco Pilotto;B02;;505,09;#DIV/0!;-505,09;;653,26;#DIV/0!;-653,26
TEKNA AUTOMAZIONE E CONTROLLO SRL;FG;Davide Spina;B02;;;#DIV/0!;0,00;;125,04;#DIV/0!;-125,04
CIEM SPA;FR;Davide Spina;B02;;812,03;#DIV/0!;-812,03;;920,29;#DIV/0!;-920,29
ELETTROCABLAGGI SRL;BG;Sergio Rota;B02;;;#DIV/0!;0,00;;99,32;#DIV/0!;-99,32
FAVARON MORENO SRL;PD;Marco Pilotto;B02;;;#DIV/0!;0,00;;92,48;#DIV/0!;-92,48
SACCHI GIUSEPPE SPA - ALBESE C.C.;CO;Riccardo Ascrizzi;B03;;184,85;#DIV/0!;-184,85;;272,64;#DIV/0!;-272,64
SAVIO MACCHINE TESSILI SPA SOCIETA';PN;Marco Pilotto;B02;;;#DIV/0!;0,00;;80,87;#DIV/0!;-80,87
VN SRL FOOD PROCESSING EQUIPMENT;PE;Davide Spina;B02;;;#DIV/0!;0,00;;62,87;#DIV/0!;-62,87
LOGOTECNA SRL;0;#N/D;B02;;270,38;#DIV/0!;-270,38;;328,25;#DIV/0!;-328,25
SACCHI GIUSEPPE SPA - CREMA;CR;Sergio Rota;B03;;;#DIV/0!;0,00;;34,80;#DIV/0!;-34,80
TECNOTRE SRL;CN;Fabrizio Cuzzi;B02;;;#DIV/0!;0,00;;3,87;#DIV/0!;-3,87
ROBTECH SRL;BA;Davide Spina;B02;505,08;1.433,24;-184%;-928,16;505,08;1.433,24;-184%;-928,16
FOREL SRL;BR;Davide Spina;B03;6.151,71;144,75;98%;6.006,96;6.151,71;144,75;98%;6.006,96
NEON TOMA ILLUMINAZIONE SRL;LE;Davide Spina;B03;993,96;;100%;993,96;993,96;;100%;993,96
DE DIONIGI & C. MACCHINE UTENSILI;0;#N/D;B02;;2.467,34;#DIV/0!;-2.467,34;;2.467,34;#DIV/0!;-2.467,34
SACCHI GIUSEPPE SPA - CAIRO M.;SV;Fabrizio Cuzzi;B03;;168,46;#DIV/0!;-168,46;;168,46;#DIV/0!;-168,46
ABRIGO SPA;CN;Fabrizio Cuzzi;B02;;332,39;#DIV/0!;-332,39;;332,39;#DIV/0!;-332,39
GRUPPO FABBRI VIGNOLA SPA;MO;Andrea Ventura;B02;;68,80;#DIV/0!;-68,80;;68,80;#DIV/0!;-68,80
R.B.B. SNC DI ROSSI M. E BROCCHI;AR;Andrea Ventura;B02;;271,11;#DIV/0!;-271,11;;271,11;#DIV/0!;-271,11
FRIGO SYSTEM SPA;VI;Marco Pilotto;B02;;2.234,58;#DIV/0!;-2.234,58;;2.234,58;#DIV/0!;-2.234,58
ELETTROTECNICA IMOLESE SRL;BO;Andrea Ventura;B02;;667,51;#DIV/0!;-667,51;;667,51;#DIV/0!;-667,51
SACCHI GIUSEPPE SPA - GALLARATE;VA;Riccardo Ascrizzi;B03;;154,00;#DIV/0!;-154,00;;154,00;#DIV/0!;-154,00
CARTA SNC DI CARTA GABRIELE & C.;VI;Marco Pilotto;B01;;1.048,32;#DIV/0!;-1.048,32;;1.048,32;#DIV/0!;-1.048,32
SACCHI GIUSEPPE SPA - CASTELLO T.;NO;Riccardo Ascrizzi;B03;;1.504,13;#DIV/0!;-1.504,13;;1.504,13;#DIV/0!;-1.504,13
TESE ITALY SRL;BG;Sergio Rota;B01;;53,59;#DIV/0!;-53,59;;53,59;#DIV/0!;-53,59
ELCOM SRL FORNITURE ELETTRICHE;SS;Davide Spina;B03;;464,59;#DIV/0!;-464,59;;464,59;#DIV/0!;-464,59
MELONI TECNO-HANDLING SRL;MC;Gianni Bagattoni;B02;;101,97;#DIV/0!;-101,97;;101,97;#DIV/0!;-101,97
RUSCH SRL;VI;Marco Pilotto;B02;;801,66;#DIV/0!;-801,66;;801,66;#DIV/0!;-801,66
ELE.COND. SRL;RM;Davide Spina;B02;;597,55;#DIV/0!;-597,55;;597,55;#DIV/0!;-597,55
VAL.FE.R. SRL ELETTROMECCANICA;PR;Andrea Ventura;B02;;98,60;#DIV/0!;-98,60;;98,60;#DIV/0!;-98,60
REGGIANI MACCHINE SPA;BG;Sergio Rota;B02;;120,05;#DIV/0!;-120,05;;120,05;#DIV/0!;-120,05
SALAPROGETTI SRLS UNIPERSONALE;BS;Sergio Rota;B02;;1.681,84;#DIV/0!;-1.681,84;;1.681,84;#DIV/0!;-1.681,84
SOGEA SRL;VI;Marco Pilotto;B02;;46,66;#DIV/0!;-46,66;;46,66;#DIV/0!;-46,66
FARODA ELETTROSISTEMI SRL;AR;Andrea Ventura;B02;;2.137,80;#DIV/0!;-2.137,80;;2.137,80;#DIV/0!;-2.137,80
VRG IMPIANTI SRL;TV;Marco Pilotto;B01;;1.969,69;#DIV/0!;-1.969,69;;1.969,69;#DIV/0!;-1.969,69
REXEL ITALIA SPA POMEZIA;RM;Davide Spina;B03;;564,17;#DIV/0!;-564,17;;564,17;#DIV/0!;-564,17
SACCHI GIUSEPPE SPA - PIACENZA;PC;Sergio Rota;B03;;5.136,93;#DIV/0!;-5.136,93;;5.136,93;#DIV/0!;-5.136,93
NADILE SRL;SV;Fabrizio Cuzzi;B03;;507,46;#DIV/0!;-507,46;;507,46;#DIV/0!;-507,46
GATE SRL;AV;Davide Spina;B02;;50,14;#DIV/0!;-50,14;;50,14;#DIV/0!;-50,14
PEDROLLO SPA;VR;Marco Pilotto;B02;;153.082,50;#DIV/0!;-153.082,50;;153.082,50;#DIV/0!;-153.082,50
ALFIERI SPA;CE;Davide Spina;B03;;137,01;#DIV/0!;-137,01;;137,01;#DIV/0!;-137,01
SACCHI GIUSEPPE SPA - ROVERETO;TN;Marco Pilotto;B03;;75,22;#DIV/0!;-75,22;;75,22;#DIV/0!;-75,22
EUROGROUP SPA;TV;Marco Pilotto;B01;;61,57;#DIV/0!;-61,57;;61,57;#DIV/0!;-61,57
CEP SRL;TP;Davide Spina;B01;;622,56;#DIV/0!;-622,56;;622,56;#DIV/0!;-622,56
IDG 01 SPA - CANELLI;AT;Fabrizio Cuzzi;B03;;459,76;#DIV/0!;-459,76;;459,76;#DIV/0!;-459,76
EF 90 SRL;IM;Fabrizio Cuzzi;B03;;173,75;#DIV/0!;-173,75;;173,75;#DIV/0!;-173,75
SINICO SERVICE SRL;VI;Marco Pilotto;B02;;49,54;#DIV/0!;-49,54;;49,54;#DIV/0!;-49,54
FUTURA DI MORINI ALESSANDRO;CO;Riccardo Ascrizzi;B02;;153,28;#DIV/0!;-153,28;;153,28;#DIV/0!;-153,28
A.B.M. AUTOMAZIONE SAS;SP;Andrea Ventura;B02;;1.010,15;#DIV/0!;-1.010,15;;1.010,15;#DIV/0!;-1.010,15
ELE.MAC SRL;FI;Andrea Ventura;B02;;109,76;#DIV/0!;-109,76;;109,76;#DIV/0!;-109,76
EXCOGITA  SRL;PG;Andrea Ventura;B02;;562,75;#DIV/0!;-562,75;;562,75;#DIV/0!;-562,75
SACCHI GIUSEPPE SPA - CEVA;CN;Fabrizio Cuzzi;B03;;408,55;#DIV/0!;-408,55;;408,55;#DIV/0!;-408,55
FANTINI SUD SPA;RM;Davide Spina;B02;;713,67;#DIV/0!;-713,67;;713,67;#DIV/0!;-713,67
CREA SRL;FM;Gianni Bagattoni;B02;;506,60;#DIV/0!;-506,60;;506,60;#DIV/0!;-506,60
WAM INDUSTRIALE SPA;MO;Andrea Ventura;B02;;150,45;#DIV/0!;-150,45;;150,45;#DIV/0!;-150,45
SACCHI GIUSEPPE SPA - SALUZZO;CN;Fabrizio Cuzzi;B03;;46,89;#DIV/0!;-46,89;;46,89;#DIV/0!;-46,89
SACCHI GIUSEPPE SPA - COGORNO;GE;Fabrizio Cuzzi;B03;;61,02;#DIV/0!;-61,02;;61,02;#DIV/0!;-61,02
GMM SPA;VB;Fabrizio Cuzzi;B02;;740,04;#DIV/0!;-740,04;;740,04;#DIV/0!;-740,04
CO.M.I.R. SRL;TA;Davide Spina;B02;;11.035,00;#DIV/0!;-11.035,00;;11.035,00;#DIV/0!;-11.035,00
TLM SRL;TO;Fabrizio Cuzzi;B02;;995,52;#DIV/0!;-995,52;;995,52;#DIV/0!;-995,52
EDIF SPA - FORLI';FC;Gianni Bagattoni;B03;;;#DIV/0!;0,00;23.013,45;;100%;23.013,45
;;;;3.441.786,57;4.426.668,17;-29%;-984.881,60;11.427.183,21;13.112.559,61;-15%;-1.685.376,40
